Name,AGE
Jacob Bridgeman,26
Akshay Bhatia,24
Collin Morikawa,29
Chris Gotterup,26
Scottie Scheffler,29
Min Woo Lee,27
Daniel Berger,32
Nico Echavarria,31
Sepp Straka,32
Si Woo Kim,30
Kurt Kitayama,33
Jake Knapp,31
Rory McIlroy,36
Hideki Matsuyama,34
Ryan Gerard,26
Cameron Young,28
Justin Rose,45
Sahith Theegala,28
Ryo Hisatsune,23
Adam Scott,45
Pierceson Coody,26
Ludvig Åberg,26
Tommy Fleetwood,35
Shane Lowry,38
Russell Henley,36
Ricky Castillo,24
Rickie Fowler,37
Harry Hall,28
Jordan Spieth,32
Matt McCarty,28
Patrick Rodgers,33
Xander Schauffele,32
Maverick McNealy,30
Nicolai Højgaard,24
Ryan Fox,39
Austin Smotherman,31
Robert MacIntyre,29
Matt Fitzpatrick,31
Aldrich Potgieter,21
Taylor Moore,32
Sam Stevens,29
Jason Day,38
Harris English,36
Keith Mitchell,34
Sam Burns,29
Viktor Hovland,28
Michael Thorbjornsen,24
Alex Noren,43
Andrew Putnam,37
Nick Taylor,37
Tom Hoge,36
Tony Finau,36
Patrick Cantlay,33
Joel Dahmen,38
Taylor Pendrith,34
Max Greyserman,30
Billy Horschel,39
Haotong Li,30
Matti Schmid,28
Andrew Novak,30
Stephan Jaeger,36
Chandler Blanchet,31
Bud Cauley,35
Kevin Roy,35
Rasmus Højgaard,24
Ben Griffin,29
Zecheng Dou,29
Jhonattan Vegas,41
Alex Smalley,29
Brian Harman,39
Sudarshan Yellamaraju,--
Zach Bauchou,30
Marco Penge,27
Wyndham Clark,32
Max Homa,35
William Mouw,25
S.H. Kim,27
John Parry,39
Davis Riley,29
A.J. Ewart,--
Lee Hodges,30
Michael Kim,32
Jordan Smith,33
David Ford,23
Corey Conners,34
Max McGreevy,30
Chad Ramey,33
Séamus Power,39
Brooks Koepka,35
Patton Kizzire,40
Aaron Rai,31
Davis Thompson,26
Matthieu Pavon,33
Mackenzie Hughes,35
Tom Kim,23
Christiaan Bezuidenhout,31
Adam Schenk,34
Pontus Nyholm,28
Sami Välimäki,27
Kristoffer Reitan,28
Takumi Kanaya,27
Dan Brown,31
Mac Meissner,27
Adrien Dumont de Chassart,26
Lucas Glover,46
David Lipsky,37
Denny McCarthy,33
Eric Cole,37
Chandler Phillips,29
J.T. Poston,32
Karl Vilips,24
Rico Hoey,30
Keegan Bradley,39
Kevin Streelman,47
Paul Peterson,37
Luke Clanton,22
Johnny Keefer,--
Mark Hubbard,36
Zac Blair,35
Will Zalatoris,29
Kensei Hirata,25
Dylan Wu,29
Chris Kirk,40
Emiliano Grillo,33
Rasmus Neergaard-Petersen,26
John VanDerLaan,--
David Skinns,44
Jeremy Paul,32
Jesper Svensson,29
Gordon Sargent,--
Beau Hossler,30
Michael Brennan,24
Ben Silverman,38
Joe Highsmith,25
Kris Ventura,31
J.J. Spaun,35
Rafael Campos,37
Steven Fisk,28
Danny Walker,30
Jimmy Stanger,30
Sam Ryder,36
Austin Eckroat,27
Doug Ghim,29
Garrick Higgo,26
Isaiah Salinda,28
Adrien Saddier,33
Hank Lebioda,32
Brice Garnett,42
Adam Svensson,32
Vince Whaley,30
Carson Young,31
Justin Lower,36
Brian Campbell,33
Chan Kim,35
Adam Hadwin,38
Emilio González,--
Keita Nakajima,25
Jackson Suber,--
Gary Woodland,41
Zach Johnson,50
Cam Davis,31
Christo Lamprecht,25
Kevin Yu,27
Davis Chatfield,--
Thorbjørn Olesen,36
Matt Wallace,35
Patrick Fishburn,33
Vijay Singh,63
Marcelo Rozo,36
Ryan Brehm,39
Peter Malnati,38
Hayden Springer,29
Matt Kuchar,47
S.T. Lee,30
Webb Simpson,40
Nick Dunlap,22
Neal Shipley,--
Danny Willett,38
Ben Kohles,36
Tyler Duncan,36
Frankie Capan III,26
Martin Laird,43
Henrik Norlander,38
Robert Streb,38
Camilo Villegas,44
James Hahn,44
Troy Merritt,40
